,time,Power Generation Instant (MW),Amb. Temp Instant,GTI Instant,Humidity Instant,day
0,2023-01-06 17:56:34,-0.0718,19.9,0,74.3326,11
1,2023-01-06 17:51:33,-0.0727,19.98,0,74.3033,11
2,2023-01-06 17:46:23,-0.0722,20.14,0,74.274,11
3,2023-01-06 17:41:22,-0.0729,20.28,0,74.1565,11
4,2023-01-06 17:36:13,-0.0728,20.42,0,74.1272,11
5,2023-01-06 17:31:03,-0.0727,20.51,0,74.0684,11
6,2023-01-06 17:26:02,-0.0718,20.53,0,74.039,11
7,2023-01-06 17:21:02,-0.0717,20.59,0,73.9803,11
8,2023-01-06 17:15:58,-0.0722,20.64,0,73.8921,11
9,2023-01-06 17:10:58,-0.0729,20.64,0,73.9509,11
10,2023-01-06 17:05:57,-0.0721,20.58,0.023,74.0684,11
11,2023-01-06 17:00:56,-0.0724,20.54,0,74.039,11
12,2023-01-06 16:55:56,-0.0738,20.53,0,73.8921,11
13,2023-01-06 16:50:52,-0.0726,20.54,0,73.7451,11
14,2023-01-06 16:45:52,-0.0719,20.51,0,73.598,11
15,2023-01-06 16:40:51,-0.0721,20.52,0,73.4509,11
16,2023-01-06 16:35:50,-0.0724,20.49,0,73.4803,11
17,2023-01-06 16:30:40,-0.0719,20.44,0.1465,73.3036,11
18,2023-01-06 16:25:30,-0.0716,20.43,0,73.1563,11
19,2023-01-06 16:20:29,-0.0721,20.46,0.016,72.9794,11
20,2023-01-06 16:15:29,-0.0708,20.52,0.204,72.8909,11
21,2023-01-06 16:10:28,-0.0703,20.52,0,72.9204,11
22,2023-01-06 16:05:28,-0.0701,20.62,0.2404,72.8614,11
23,2023-01-06 16:00:27,-0.0697,20.7,0,72.6548,11
24,2023-01-06 15:55:23,-0.0719,20.8,0,72.5958,11
25,2023-01-06 15:50:23,-0.0702,20.88,0.1292,72.2707,11
26,2023-01-06 15:45:19,-0.0702,20.96,0.031,72.0045,11
27,2023-01-06 15:40:09,-0.07,21.04,0,71.4713,11
28,2023-01-06 15:35:08,-0.0698,21.18,0,71.2933,11
29,2023-01-06 15:30:07,-0.0721,21.33,0,70.9667,11
30,2023-01-06 15:25:04,-0.077,21.37,0,70.7587,11
31,2023-01-06 15:20:03,-0.0763,21.45,0,70.3421,11
32,2023-01-06 15:15:03,-0.0756,21.55,0,70.0442,11
33,2023-01-06 15:09:53,-0.0747,21.66,0,69.7759,11
34,2023-01-06 15:04:52,-0.0755,21.64,0,69.746,11
35,2023-01-06 14:59:42,-0.075,21.7,0.0128,69.0888,11
36,2023-01-06 14:54:42,-0.0777,21.8,0,69.0888,11
37,2023-01-06 14:49:41,-0.0757,21.76,0.04,69.2084,11
38,2023-01-06 14:44:32,-0.074,21.69,0,68.3701,11
39,2023-01-06 14:39:22,-0.0758,21.78,0,68.2502,11
40,2023-01-06 14:34:12,-0.0757,21.98,0.0028,67.6797,11
41,2023-01-06 14:29:11,-0.0767,22.11,0.0006,67.6496,11
42,2023-01-06 14:24:08,-0.0777,22.25,0,67.2586,11
43,2023-01-06 14:19:07,-0.0779,22.32,0,67.1682,11
44,2023-01-06 14:14:06,-0.0769,22.42,0,66.8971,11
45,2023-01-06 14:08:57,-0.075,22.51,0,66.6559,11
46,2023-01-06 14:03:56,-0.0749,22.6,0,66.3541,11
47,2023-01-06 13:58:46,-0.0739,22.66,0,65.9915,11
48,2023-01-06 13:53:42,-0.0736,22.8,0,65.8403,11
49,2023-01-06 13:48:41,-0.0756,22.97,0,65.5073,11
50,2023-01-06 13:43:38,-0.0759,23.11,0,64.992,11
51,2023-01-06 13:38:37,-0.0726,23.28,0,64.5365,11
52,2023-01-06 13:33:27,-0.0767,23.43,0,64.0195,11
53,2023-01-06 13:28:17,-0.0746,23.6,0,63.41,11
54,2023-01-06 13:23:16,-0.0733,23.76,0,62.891,11
55,2023-01-06 13:18:16,-0.076,23.94,0,62.2791,11
56,2023-01-06 13:13:05,-0.0749,24.16,0,61.5126,11
57,2023-01-06 13:08:05,-0.0732,24.34,0,60.8671,11
58,2023-01-06 13:03:04,-0.0736,24.5,0,60.2203,11
59,2023-01-06 12:58:03,-0.0724,24.67,0,59.6647,11
60,2023-01-06 12:53:02,-0.0749,24.84,0,58.9223,11
61,2023-01-06 12:47:58,-0.0891,25,0,58.3333,11
62,2023-01-06 12:42:57,-0.1176,25.14,0,57.8054,11
63,2023-01-06 12:37:56,-0.0992,25.32,0.0698,57.3076,11
64,2023-01-06 12:32:53,-0.0527,25.58,2.1739,56.6843,11
65,2023-01-06 12:27:52,0.056,25.87,5.3444,55.8408,11
66,2023-01-06 12:22:42,0.1742,26.1,10.0607,55.0577,11
67,2023-01-06 12:17:39,0.3181,26.36,17.3981,54.1153,11
68,2023-01-06 12:12:35,0.4918,26.6,26.265,53.454,10
69,2023-01-06 12:07:34,0.6669,26.78,33.6795,53.4224,10
70,2023-01-06 12:02:33,0.9282,26.95,44.6217,52.728,10
71,2023-01-06 11:57:33,1.1972,27.03,57.9193,52.222,10
72,2023-01-06 11:52:32,1.4411,27.18,71.4015,52.3802,10
73,2023-01-06 11:47:30,1.7508,27.3,83.2059,52.1587,10
74,2023-01-06 11:42:29,2.0752,27.47,97.3036,51.7786,10
75,2023-01-06 11:37:28,2.2617,27.66,105.1001,51.3346,10
76,2023-01-06 11:32:28,2.5574,27.83,123.8635,51.3346,10
77,2023-01-06 11:27:27,3.0485,27.95,147.778,51.1441,10
78,2023-01-06 11:22:26,3.5347,27.99,158.4413,50.5719,10
79,2023-01-06 11:17:25,3.8656,28.12,178.3849,49.9987,10
80,2023-01-06 11:12:24,4.0394,28.23,181.0443,50.0625,10
81,2023-01-06 11:07:24,4.5066,28.26,215.7126,49.8074,10
82,2023-01-06 11:02:14,6.2678,28.29,241.2425,49.9669,10
83,2023-01-06 10:57:13,5.8461,28.32,153.9736,49.5522,10
84,2023-01-06 10:52:13,4.0875,28.41,165.7973,49.2968,10
85,2023-01-06 10:47:12,5.6062,28.6,297.1965,48.9772,10
86,2023-01-06 10:42:11,7.8087,28.79,302.1758,48.2409,10
87,2023-01-06 10:37:10,8.1777,28.82,311.0942,48.0806,10
88,2023-01-06 10:32:07,6.4156,29.23,325.5789,47.503,10
89,2023-01-06 10:27:06,7.693,29.52,372.8268,46.7634,10
90,2023-01-06 10:22:04,9.7412,29.42,377.6881,46.699,10
91,2023-01-06 10:17:04,10.7573,29.66,394.3437,45.9252,10
92,2023-01-06 10:12:03,6.9034,29.76,416.6061,45.6669,10
93,2023-01-06 10:07:02,8.3694,29.82,459.336,45.2467,10
94,2023-01-06 10:01:59,12.8203,29.66,453.0585,46.1511,10
95,2023-01-06 09:56:58,13.1539,29.64,501.2088,45.9575,10
96,2023-01-06 09:51:57,13.6552,29.69,498.5942,45.3114,10
97,2023-01-06 09:46:53,6.8998,29.86,454.2687,45.7315,10
98,2023-01-06 09:41:52,11.9382,30.06,562.4836,44.9231,10
99,2023-01-06 09:36:52,15.7429,30.02,558.9925,45.182,10
100,2023-01-06 09:31:42,13.4883,29.77,597.8083,46.5701,10
101,2023-01-06 09:26:41,16.2988,30.08,596.4759,45.57,10
102,2023-01-06 09:21:32,16.3591,30.19,608.2854,44.7936,10
103,2023-01-06 09:16:31,16.7966,30.19,609.8013,45.4407,10
104,2023-01-06 09:11:27,16.8798,29.89,646.6221,45.4731,10
105,2023-01-06 09:06:27,18.0254,29.83,676.8967,45.7961,10
106,2023-01-06 09:01:26,18.9095,29.78,691.8403,44.7288,10
107,2023-01-05 17:58:13,-0.0659,21.35,0,78.2652,10
108,2023-01-05 17:53:02,-0.0668,21.48,0,78.0048,10
109,2023-01-05 17:48:02,-0.0662,21.57,0,77.5993,10
110,2023-01-05 17:43:01,-0.0663,21.72,0,77.2802,10
111,2023-01-05 17:38:01,-0.0658,21.9,0,76.9027,10
112,2023-01-05 17:32:57,-0.0655,22.09,0,76.4372,10
113,2023-01-05 17:27:56,-0.0672,22.26,0,75.971,10
114,2023-01-05 17:22:56,-0.0694,22.42,0,75.4747,10
115,2023-01-05 17:17:55,-0.0688,22.58,0,74.9189,10
116,2023-01-05 17:12:55,-0.0689,22.76,0,74.3326,10
117,2023-01-05 17:07:54,-0.0693,22.91,0,73.7451,10
118,2023-01-05 17:02:44,-0.068,23.06,0,73.2742,10
119,2023-01-05 16:57:43,-0.069,23.2,0,72.7434,10
120,2023-01-05 16:52:33,-0.0692,23.33,0,72.3299,10
121,2023-01-05 16:47:33,-0.0681,23.44,0,71.8861,10
122,2023-01-05 16:42:32,-0.0682,23.54,0,71.5602,10
123,2023-01-05 16:37:31,-0.0681,23.59,0,71.323,10
124,2023-01-05 16:32:31,-0.0689,23.62,0.0939,71.1746,10
125,2023-01-05 16:27:20,-0.0682,23.6,0.2536,71.1746,10
126,2023-01-05 16:22:10,-0.0674,23.58,0.028,71.1152,10
127,2023-01-05 16:17:10,-0.0676,23.56,0.5807,71.0855,10
128,2023-01-05 16:12:09,-0.0679,23.58,0.0271,70.8478,10
129,2023-01-05 16:07:08,-0.0676,23.64,0,70.5505,10
130,2023-01-05 16:01:58,-0.0683,23.77,0,70.0741,10
131,2023-01-05 15:56:49,-0.0677,23.9,0,69.6863,10
132,2023-01-05 15:51:48,-0.0679,24.01,0,69.3877,10
133,2023-01-05 15:46:38,-0.0682,24.08,0,69.2682,10
134,2023-01-05 15:41:27,-0.0679,24.18,0,69.1486,10
135,2023-01-05 15:36:27,-0.0674,24.28,0,68.8794,10
136,2023-01-05 15:31:23,-0.068,24.45,0,68.52,10
137,2023-01-05 15:26:22,-0.0678,24.56,0.1252,68.2202,10
138,2023-01-05 15:21:22,-0.0674,24.62,0,68.0401,10
139,2023-01-05 15:16:21,-0.0679,24.65,0,68.1302,10
140,2023-01-05 15:11:21,-0.0688,24.62,0.8514,68.2202,10
141,2023-01-05 15:06:20,-0.0685,24.53,0.0323,68.4001,10
142,2023-01-05 15:01:19,-0.0678,24.36,0.0009,68.4001,10
143,2023-01-05 14:56:19,-0.0683,24.23,0,68.5799,10
144,2023-01-05 14:51:18,-0.0684,24.08,0,68.8195,10
145,2023-01-05 14:46:09,-0.068,23.84,0.1551,69.4176,10
146,2023-01-05 14:41:08,-0.0689,23.68,0.9213,69.8653,10
147,2023-01-05 14:35:58,-0.0684,23.44,0.3099,70.0741,10
148,2023-01-05 14:30:49,-0.0679,23.29,1.0614,70.223,10
149,2023-01-05 14:25:48,-0.0669,23.14,0.02,70.1634,10
150,2023-01-05 14:20:39,-0.0671,22.98,0.0128,70.0442,10
151,2023-01-05 14:15:38,-0.068,22.97,0,69.029,10
152,2023-01-05 14:10:37,-0.0682,23.1,0,68.0101,10
153,2023-01-05 14:05:27,-0.0664,23.27,0,67.5594,10
154,2023-01-05 14:00:27,-0.0666,23.44,0,66.8368,10
155,2023-01-05 13:55:26,-0.0668,23.63,0,66.3239,10
156,2023-01-05 13:50:25,-0.0704,23.75,0,65.9915,10
157,2023-01-05 13:45:25,-0.0699,23.86,0,65.8403,10
158,2023-01-05 13:40:24,-0.0693,23.94,0,65.3255,10
159,2023-01-05 13:35:24,-0.069,24.08,0,64.6277,10
160,2023-01-05 13:30:23,-0.0691,24.27,0,63.7759,10
161,2023-01-05 13:25:22,-0.0698,24.48,0,62.7381,10
162,2023-01-05 13:20:22,-0.0685,24.71,0,61.6354,10
163,2023-01-05 13:15:21,-0.0686,24.98,0,60.5901,10
164,2023-01-05 13:10:11,-0.0692,25.29,0,59.6029,10
165,2023-01-05 13:05:11,-0.0681,25.5,0,58.7365,10
166,2023-01-05 13:00:00,-0.0683,25.73,0,57.9608,10
167,2023-01-05 12:54:50,-0.0673,25.97,0,56.8714,10
168,2023-01-05 12:49:49,-0.0668,26.2,0,56.1847,10
169,2023-01-05 12:44:39,-0.0808,26.4,0,55.4964,10
170,2023-01-05 12:39:26,-0.0945,26.64,0,54.7439,10
171,2023-01-05 12:34:25,-0.0848,26.87,0.1582,54.1468,10
172,2023-01-05 12:29:21,-0.0673,27.08,2.3423,53.4855,10
173,2023-01-05 12:24:11,-0.0147,27.3,5.2111,52.5384,10
174,2023-01-05 12:19:01,0.0531,27.5,11.0463,51.6518,10
175,2023-01-05 12:13:57,0.2531,27.73,25.3219,50.0625,10
176,2023-01-05 12:08:53,0.839,27.92,50.0516,49.0411,10
177,2023-01-05 12:03:52,1.4312,28.09,63.847,48.337,10
178,2023-01-05 11:58:52,1.5806,28.3,76.8291,47.7598,10
179,2023-01-05 11:53:51,1.9283,28.45,94.6516,47.0208,10
180,2023-01-05 11:48:41,2.155,28.61,112.0767,46.1511,10
181,2023-01-05 11:43:40,2.4463,28.72,129.7243,45.893,10
182,2023-01-05 11:38:40,2.8168,28.84,154.279,45.6346,10
183,2023-01-05 11:33:29,3.4994,28.92,186.8445,45.3114,10
184,2023-01-05 11:28:29,4.4884,28.92,208.5385,45.9575,10
185,2023-01-05 11:23:27,5.0606,29.11,227.4439,45.57,10
186,2023-01-05 11:18:27,5.985,29.14,256.9587,45.8284,10
187,2023-01-05 11:13:26,6.9662,29.12,282.2226,45.5377,10
188,2023-01-05 11:08:26,7.4707,29.21,287.2039,44.275,10
189,2023-01-05 11:03:25,7.9525,29.32,311.5484,43.6906,10
190,2023-01-05 10:58:24,8.6646,29.38,328.5018,42.8772,10
191,2023-01-05 10:53:23,9.0019,29.24,348.4225,43.2353,10
192,2023-01-05 10:48:23,9.7516,29.15,366.8609,43.6581,10
193,2023-01-05 10:43:22,10.3374,29.19,385.9193,43.8205,10
194,2023-01-05 10:38:21,10.5286,29.17,404.6575,43.3004,10
195,2023-01-05 10:33:21,11.1838,29.15,415.2621,43.918,10
196,2023-01-05 10:28:20,12.0949,28.97,450.1846,44.9555,10
197,2023-01-05 10:23:19,12.4234,28.72,448.1838,44.2426,10
198,2023-01-05 10:18:09,9.4936,28.82,177.0524,44.275,10
199,2023-01-05 10:13:09,4.7079,28.95,426.8698,44.2101,10
200,2023-01-05 10:08:08,10.9075,28.94,492.7103,44.0478,10
201,2023-01-05 10:03:07,13.947,28.75,279.2514,44.3074,10
202,2023-01-05 09:58:06,4.764,29.05,184.831,44.664,10
203,2023-01-05 09:53:06,4.4583,29.27,184.7632,44.0154,10
204,2023-01-05 09:48:05,11.2478,29.23,541.0727,43.2679,10
205,2023-01-05 09:43:04,13.3327,29.32,215.6686,43.463,10
206,2023-01-05 09:38:04,4.7731,29.94,236.1147,42.7794,10
207,2023-01-05 09:33:03,15.6463,30.18,649.7123,42.5187,10
208,2023-01-05 09:28:02,19.1886,29.84,698.4611,42.0945,10
209,2023-01-05 09:23:01,20.7692,29.36,732.5257,45.1173,10
210,2023-01-05 09:17:57,21.6689,28.56,712.4819,46.7312,10
211,2023-01-05 09:12:56,15.2766,28.58,214.0432,46.9565,10
212,2023-01-05 09:07:56,5.6797,28.76,220.8678,46.3768,10
213,2023-01-05 09:02:55,6.4723,28.96,231.7115,44.6316,10
214,2023-01-04 17:59:11,-0.0698,17.72,0,79.9657,10
215,2023-01-04 17:54:11,-0.0696,17.83,0.1436,79.4768,10
216,2023-01-04 17:49:00,-0.0695,18,0,79.3617,10
217,2023-01-04 17:44:00,-0.069,18.2,0,79.0736,10
218,2023-01-04 17:38:59,-0.0703,18.43,0,78.7563,10
219,2023-01-04 17:33:49,-0.0694,18.63,0,78.5831,10
220,2023-01-04 17:28:40,-0.0686,18.71,0,78.3519,10
221,2023-01-04 17:23:30,-0.0699,18.78,0,78.323,10
222,2023-01-04 17:18:30,-0.0697,18.91,0,78.1784,10
223,2023-01-04 17:13:29,-0.0692,18.98,0.4317,78.0048,10
224,2023-01-04 17:08:25,-0.0694,19.03,0,77.6283,10
225,2023-01-04 17:03:25,-0.0696,19.12,0,77.2512,10
226,2023-01-04 16:58:21,-0.0693,19.19,0,76.9027,10
227,2023-01-04 16:53:12,-0.0695,19.24,0.0185,76.8445,10
228,2023-01-04 16:48:01,-0.0699,19.22,0,76.7864,10
229,2023-01-04 16:43:01,-0.0693,19.22,0,76.2625,10
230,2023-01-04 16:37:51,-0.0688,19.3,0,76.0876,10
231,2023-01-04 16:32:41,-0.0686,19.36,0,75.4454,10
232,2023-01-04 16:27:40,-0.0687,19.42,0,75.4454,10
233,2023-01-04 16:22:40,-0.0683,19.52,0,74.7139,10
234,2023-01-04 16:17:39,-0.0688,19.72,0.0112,74.6846,10
235,2023-01-04 16:12:38,-0.0682,19.82,0,73.6863,10
236,2023-01-04 16:07:38,-0.0688,19.98,0,73.8627,10
237,2023-01-04 16:02:27,-0.0685,19.94,0,73.8333,10
238,2023-01-04 15:57:27,-0.0683,20.07,0,73.0974,10
239,2023-01-04 15:52:26,-0.0682,20.2,0,72.7434,10
240,2023-01-04 15:47:17,-0.0684,20.24,0,72.4481,10
241,2023-01-04 15:42:13,-0.0673,20.31,0,71.8269,10
242,2023-01-04 15:37:03,-0.0677,20.37,0,71.7972,10
243,2023-01-04 15:32:02,-0.0672,20.44,0.0644,71.6787,10
244,2023-01-04 15:26:52,-0.0687,20.44,0.024,71.4416,10
245,2023-01-04 15:21:52,-0.0697,20.41,0,71.3823,10
246,2023-01-04 15:16:51,-0.0693,20.41,0,71.3526,10
247,2023-01-04 15:11:47,-0.0687,20.48,0,70.9073,10
248,2023-01-04 15:06:47,-0.0693,20.48,0.0914,71.1152,10
249,2023-01-04 15:01:37,-0.0688,20.6,0.0022,71.2636,10
250,2023-01-04 14:56:33,-0.0692,20.78,0,71.6195,10
251,2023-01-04 14:51:32,-0.0692,20.89,0,71.5602,10
252,2023-01-04 14:46:32,-0.0682,20.91,0,69.2383,10
253,2023-01-04 14:41:31,-0.0682,20.94,0,67.7398,10
254,2023-01-04 14:36:28,-0.0683,21.03,0,66.6861,10
255,2023-01-04 14:31:18,-0.0688,21.2,0,68.0401,10
256,2023-01-04 14:26:17,-0.0698,21.48,0,66.505,10
257,2023-01-04 14:21:08,-0.0708,21.66,0,65.9008,10
258,2023-01-04 14:16:07,-0.0715,21.76,0,65.477,10
259,2023-01-04 14:10:57,-0.0719,21.79,0,65.3862,10
260,2023-01-04 14:05:56,-0.0692,21.76,0,65.3559,10
261,2023-01-04 14:00:56,-0.07,21.84,0,64.7492,10
262,2023-01-04 13:55:52,-0.0696,21.99,0,64.2325,10
263,2023-01-04 13:50:48,-0.0694,22.18,0,63.3185,10
264,2023-01-04 13:45:48,-0.0716,22.28,0,62.9521,10
265,2023-01-04 13:40:47,-0.0705,22.44,0,62.2791,10
266,2023-01-04 13:35:46,-0.0737,22.58,0,61.8501,10
267,2023-01-04 13:30:36,-0.0744,22.73,0,61.3283,10
268,2023-01-04 13:25:35,-0.075,22.95,0,60.9287,10
269,2023-01-04 13:20:35,-0.0745,23.19,0,59.85,10
270,2023-01-04 13:15:34,-0.0741,23.48,0,58.8914,10
271,2023-01-04 13:10:33,-0.0734,23.76,0,57.6188,10
272,2023-01-04 13:05:33,-0.0731,24.07,0,56.6531,10
273,2023-01-04 13:00:32,-0.0756,24.38,0,55.4338,10
274,2023-01-04 12:55:31,-0.0733,24.71,0,54.3354,10
275,2023-01-04 12:50:28,-0.0749,25.05,0,53.2963,10
276,2023-01-04 12:45:27,-0.1095,25.33,0,52.57,10
277,2023-01-04 12:40:17,-0.1035,25.62,0,51.9054,10
278,2023-01-04 12:35:17,-0.0688,25.83,0.7298,51.1758,10
279,2023-01-04 12:30:16,-0.016,26.08,2.7164,50.4765,10
280,2023-01-04 12:25:12,0.1047,26.34,7.3359,49.8712,10
281,2023-01-04 12:20:12,0.2418,26.58,14.1058,49.105,10
282,2023-01-04 12:15:11,0.4062,26.79,23.5929,48.5932,10
283,2023-01-04 12:10:10,0.6135,27.04,36.9389,47.9524,10
284,2023-01-04 12:05:09,0.8755,27.27,50.0576,47.4709,10
285,2023-01-04 12:00:05,1.0986,27.47,63.8247,46.6346,10
286,2023-01-04 11:55:05,1.2914,27.68,79.4445,45.6992,10
287,2023-01-04 11:49:54,1.5598,27.91,98.6012,45.0526,10
288,2023-01-04 11:44:54,1.8255,28.1,114.2744,44.275,10
289,2023-01-04 11:39:53,2.1484,28.24,133.8164,43.7881,10
290,2023-01-04 11:34:44,2.5994,28.3,156.9221,43.2679,10
291,2023-01-04 11:29:43,3.2118,28.43,180.1133,42.9098,10
292,2023-01-04 11:24:42,3.9597,28.67,201.505,42.1271,10
293,2023-01-04 11:19:42,4.8584,28.86,222.532,41.048,10
294,2023-01-04 11:14:41,5.6791,29.04,240.3949,40.6875,10
295,2023-01-04 11:09:40,6.4292,29.21,264.0278,39.9654,10
296,2023-01-04 11:04:40,7.0976,29.16,290.923,39.8339,10
297,2023-01-04 10:59:36,7.9165,29.34,301.9342,39.9325,10
298,2023-01-04 10:54:35,8.6352,29.58,336.6217,38.3185,10
299,2023-01-04 10:49:35,9.3632,29.73,345.314,38.0873,10
300,2023-01-04 10:44:34,9.7971,29.89,387.2056,35.6003,10
301,2023-01-04 10:39:30,10.82,30.12,397.4602,35.7334,10
302,2023-01-04 10:34:30,11.2,30.24,424.299,36.7631,10
303,2023-01-04 10:29:29,11.9188,30.39,454.4605,36.8626,10
304,2023-01-04 10:24:28,13.1206,30.28,456.2801,36.9289,10
305,2023-01-04 10:19:27,13.2378,30.43,476.4734,36.0659,10
306,2023-01-04 10:14:27,13.8508,30.57,510.6217,36.1988,10
307,2023-01-04 10:09:26,14.7017,30.62,530.7961,33.9324,10
308,2023-01-04 10:04:26,15.2581,30.67,551.5721,34.1998,10
309,2023-01-04 09:59:25,15.886,30.89,577.2289,33.7987,10
310,2023-01-04 09:54:24,16.602,31.13,590.2036,32.8608,10
311,2023-01-04 09:49:14,16.6525,30.95,610.0519,31.382,10
312,2023-01-04 09:44:13,17.3848,30.93,634.3275,32.2566,10
313,2023-01-04 09:39:03,18.0759,31.06,650.0216,31.8532,10
314,2023-01-04 09:34:02,18.4129,30.98,661.4036,32.995,10
315,2023-01-04 09:29:02,19.0832,31.06,675.157,32.3238,10
316,2023-01-04 09:23:58,19.1855,31.04,701.134,32.0886,10
317,2023-01-04 09:18:57,19.794,30.55,713.9905,32.7266,10
318,2023-01-04 09:13:56,20.5819,30.52,735.3291,32.7937,10
319,2023-01-04 09:08:56,20.7828,30.75,733.4377,32.995,10
320,2023-01-04 09:03:52,20.921,30.67,760.1121,32.5253,10
321,2023-01-03 17:59:30,-0.069,18.88,0,76.175,10
322,2023-01-03 17:54:29,-0.0696,18.82,0,75.3285,10
323,2023-01-03 17:49:29,-0.07,18.84,0,73.9803,10
324,2023-01-03 17:44:28,-0.068,18.85,0,74.2152,10
325,2023-01-03 17:39:28,-0.0688,18.92,0,74.7432,10
326,2023-01-03 17:34:27,-0.0691,19.02,0,75.5039,10
327,2023-01-03 17:29:27,-0.0688,19.02,0,75.2701,10
328,2023-01-03 17:24:26,-0.0689,18.99,0,74.4207,10
329,2023-01-03 17:19:25,-0.0637,19,0,73.9803,10
330,2023-01-03 17:14:15,-0.0652,19.05,0,73.7745,10
331,2023-01-03 17:09:14,-0.0637,19.23,0.0111,76.8155,10
332,2023-01-03 17:04:14,-0.0637,19.27,0.0518,76.9608,10
333,2023-01-03 16:59:13,-0.0633,19.25,0.2961,75.1823,10
334,2023-01-03 16:54:13,-0.063,19.29,0,75.4454,10
335,2023-01-03 16:49:12,-0.0642,19.46,0,74.4793,10
336,2023-01-03 16:44:11,-0.0645,19.69,0.0471,74.1565,10
337,2023-01-03 16:39:11,-0.0657,19.81,0.0017,73.4509,10
338,2023-01-03 16:34:10,-0.0642,19.89,0.002,72.6253,10
339,2023-01-03 16:29:09,-0.0644,20.02,0.0236,72.3003,10
340,2023-01-03 16:23:59,-0.0648,20.14,0,71.5306,10
341,2023-01-03 16:18:59,-0.0657,20.28,0.0193,71.5306,10
342,2023-01-03 16:13:58,-0.0664,20.42,0.0922,71.0855,10
343,2023-01-03 16:08:57,-0.065,20.53,0.4117,70.7587,10
344,2023-01-03 16:03:54,-0.0672,20.6,0,70.2826,10
345,2023-01-03 15:58:50,-0.0665,20.64,0.2793,70.3719,10
346,2023-01-03 15:53:49,-0.0646,20.67,1.0594,69.7759,10
347,2023-01-03 15:48:39,-0.0651,20.7,1.0153,69.5669,10
348,2023-01-03 15:43:29,-0.0655,20.72,0.0706,69.5968,10
349,2023-01-03 15:38:28,-0.0647,20.72,0.1733,69.6565,10
350,2023-01-03 15:33:19,-0.0648,20.73,0.4073,70.2528,9
351,2023-01-03 15:28:18,-0.0653,20.73,0.1103,70.3124,9
352,2023-01-03 15:23:14,-0.0642,20.77,0.0125,70.6695,9
353,2023-01-03 15:18:14,-0.0649,20.92,0.0845,69.5968,9
354,2023-01-03 15:13:13,-0.0646,21.08,0,69.1486,9
355,2023-01-03 15:08:13,-0.0645,21.12,0,69.1486,9
356,2023-01-03 15:03:02,-0.0638,21.16,0,69.328,9
357,2023-01-03 14:58:02,-0.0642,21.2,0,68.6099,9
358,2023-01-03 14:53:01,-0.064,21.32,0.7563,68.3401,9
359,2023-01-03 14:48:00,-0.0648,21.42,0,68.7297,9
360,2023-01-03 14:43:00,-0.0637,21.52,0.0697,68.52,9
361,2023-01-03 14:37:59,-0.0636,21.58,0,68.1902,9
362,2023-01-03 14:32:59,-0.0638,21.64,0,67.4993,9
363,2023-01-03 14:27:58,-0.0641,21.74,0,67.1983,9
364,2023-01-03 14:22:57,-0.0636,21.83,0,67.2586,9
365,2023-01-03 14:17:57,-0.0634,21.96,0,66.5654,9
366,2023-01-03 14:12:56,-0.0627,22.1,0,65.9915,9
367,2023-01-03 14:07:47,-0.063,22.2,0,65.174,9
368,2023-01-03 14:02:46,-0.0621,22.3,0,64.6581,9
369,2023-01-03 13:57:45,-0.0633,22.39,0,64.5365,9
370,2023-01-03 13:52:45,-0.0626,22.53,0,63.9282,9
371,2023-01-03 13:47:44,-0.0634,22.64,0,63.4405,9
372,2023-01-03 13:42:41,-0.0638,22.78,0,62.891,9
373,2023-01-03 13:37:40,-0.0645,22.95,0,62.3404,9
374,2023-01-03 13:32:39,-0.0646,23.16,0,61.4819,9
375,2023-01-03 13:27:39,-0.0642,23.42,0,59.85,9
376,2023-01-03 13:22:38,-0.0656,23.54,0,59.7265,9
377,2023-01-03 13:17:38,-0.0662,23.57,0,58.7984,9
378,2023-01-03 13:12:37,-0.0641,23.79,0,56.9026,9
379,2023-01-03 13:07:36,-0.0644,24.11,0,55.9972,9
380,2023-01-03 13:02:36,-0.0652,24.34,0,54.6183,9
381,2023-01-03 12:57:35,-0.064,24.64,0,53.7376,9
382,2023-01-03 12:52:35,-0.0641,24.96,0,53.8321,9
383,2023-01-03 12:47:31,-0.0869,25.35,0,52.7912,9
384,2023-01-03 12:42:21,-0.0988,25.86,0,50.9217,9
385,2023-01-03 12:37:20,-0.075,26.24,0,48.9132,9
386,2023-01-03 12:32:10,-0.0317,26.67,0,47.053,9
387,2023-01-03 12:27:09,0.0404,27.01,2.9738,46.1511,9
388,2023-01-03 12:22:09,0.1383,27.35,8.8287,45.0526,9
389,2023-01-03 12:16:59,0.2557,27.74,15.121,43.6256,9
390,2023-01-03 12:11:58,0.5013,28.06,22.9772,42.4208,9
391,2023-01-03 12:06:57,0.709,28.36,35.8288,41.5716,9
392,2023-01-03 12:01:48,0.9237,28.64,51.8678,41.1135,9
393,2023-01-03 11:56:37,1.2171,28.92,72.3868,40.9169,9
394,2023-01-03 11:51:37,1.4634,29.1,88.3877,40.1953,9
395,2023-01-03 11:46:26,1.733,29.25,109.2838,39.7682,9
396,2023-01-03 11:41:23,2.0556,29.62,131.3407,39.5379,9
397,2023-01-03 11:36:22,2.4318,29.75,151.3652,38.7804,9
398,2023-01-03 11:31:21,2.9048,29.77,169.7461,38.7804,9
399,2023-01-03 11:26:21,3.4976,29.86,188.0524,38.6485,9
400,2023-01-03 11:21:10,4.406,29.86,209.2815,38.1533,9
401,2023-01-03 11:16:10,5.3872,30.06,231.1642,37.9881,9
402,2023-01-03 11:11:09,6.1031,30.14,255.1668,37.889,9
403,2023-01-03 11:06:08,6.8206,30.07,272.9699,38.0212,9
404,2023-01-03 11:01:08,7.4207,30.13,290.8477,38.0212,9
405,2023-01-03 10:55:57,8.3554,30.11,316.0246,37.5251,9
406,2023-01-03 10:50:57,8.8285,30.36,342.5788,37.5913,9
407,2023-01-03 10:45:56,7.6739,30.37,361.1819,36.9621,9
408,2023-01-03 10:40:53,9.0724,30.66,340.912,36.3981,9
409,2023-01-03 10:35:52,8.5814,31.17,177.8323,35.933,9
410,2023-01-03 10:30:52,10.1449,31.5,427.4212,35.5671,9
411,2023-01-03 10:25:51,11.6826,31.57,443.3684,35.5338,9
412,2023-01-03 10:20:50,12.6628,31.56,466.8614,35.8332,9
413,2023-01-03 10:15:50,13.6102,31.61,484.4476,35.7999,9
414,2023-01-03 10:10:49,13.9104,31.44,498.6322,36.9621,9
415,2023-01-03 10:05:48,14.4555,31.1,521.8763,35.6003,9
416,2023-01-03 10:00:47,15.3,31.46,541.8353,35.4006,9
417,2023-01-03 09:55:47,16.1328,31.64,545.7744,35.1008,9
418,2023-01-03 09:50:37,15.6977,31.65,546.2347,34.8674,9
419,2023-01-03 09:45:36,16.0066,31.24,585.8039,35.5338,9
420,2023-01-03 09:40:36,16.7751,32.1,620.3657,34.6673,9
421,2023-01-03 09:35:35,17.6172,32.22,630.4843,33.531,9
422,2023-01-03 09:30:34,14.4172,31.89,655.1802,36.0992,9
423,2023-01-03 09:25:34,16.632,31.7,665.4041,35.8665,9
424,2023-01-03 09:20:26,18.643,31.48,659.7102,36.3649,9
425,2023-01-03 09:15:16,19.2291,31.18,673.2192,37.0615,9
426,2023-01-03 09:10:16,19.4627,30.99,698.8448,35.5338,9
427,2023-01-03 09:05:15,15.7962,31.35,692.8458,34.6006,9
428,2023-01-03 09:00:15,12.8646,30.99,722.8304,37.2603,9
429,2023-01-02 17:56:57,-0.0691,21.1,0.153,75.6499,9
430,2023-01-02 17:51:54,-0.0696,21.1,0.0621,75.4747,9
431,2023-01-02 17:46:53,-0.0687,21.1,0.2819,75.1823,9
432,2023-01-02 17:41:50,-0.0696,21.11,0.1332,74.9482,9
433,2023-01-02 17:36:40,-0.0699,21.14,0,74.6553,9
434,2023-01-02 17:31:39,-0.0698,21.18,0.0491,74.2152,9
435,2023-01-02 17:26:29,-0.0688,21.23,0.0037,73.6569,9
436,2023-01-02 17:21:29,-0.0691,21.26,0.0719,73.1268,9
437,2023-01-02 17:16:28,-0.0695,21.33,0,73.2153,9
438,2023-01-02 17:11:28,-0.0694,21.34,0,73.2153,9
439,2023-01-02 17:06:27,-0.0698,21.34,0,73.1858,9
440,2023-01-02 17:01:26,-0.0686,21.38,0,73.2153,9
441,2023-01-02 16:56:26,-0.0691,21.44,0,72.8614,9
442,2023-01-02 16:51:25,-0.0684,21.48,0,72.5072,9
443,2023-01-02 16:46:15,-0.0694,21.42,0,72.7434,9
444,2023-01-02 16:41:14,-0.0687,21.44,0,72.4481,9
445,2023-01-02 16:36:14,-0.0688,21.6,0,71.6491,9
446,2023-01-02 16:31:03,-0.0696,21.81,0,71.1152,9
447,2023-01-02 16:26:03,-0.0688,21.99,0,71.5602,9
448,2023-01-02 16:20:53,-0.0679,22.12,0,71.5306,9
449,2023-01-02 16:15:44,-0.0673,22.25,0,71.323,9
450,2023-01-02 16:10:43,-0.0682,22.36,0,70.9667,9
451,2023-01-02 16:05:33,-0.0686,22.51,0,70.223,9
452,2023-01-02 16:00:32,-0.0699,22.69,0,69.9548,9
453,2023-01-02 15:55:32,-0.0688,22.83,0,69.5669,9
454,2023-01-02 15:50:31,-0.0692,22.98,0,69.3877,9
455,2023-01-02 15:45:21,-0.0695,23.12,0,68.6998,9
456,2023-01-02 15:40:20,-0.0696,23.17,0,67.7698,9
457,2023-01-02 15:35:20,-0.0695,23.25,0,67.7398,9
458,2023-01-02 15:30:10,-0.07,23.24,0.561,67.108,9
459,2023-01-02 15:25:09,-0.0699,23.18,0.1968,67.1682,9
460,2023-01-02 15:20:08,-0.0697,23.2,0.2965,66.6559,9
461,2023-01-02 15:14:58,-0.0704,23.31,0.0266,65.931,9
462,2023-01-02 15:09:58,-0.0709,23.45,0,65.5073,9
463,2023-01-02 15:04:57,-0.0705,23.56,0,65.0527,9
464,2023-01-02 14:59:56,-0.0708,23.65,0,64.9617,9
465,2023-01-02 14:54:56,-0.0703,23.75,0.0087,64.9313,9
466,2023-01-02 14:49:52,-0.0713,23.67,0,64.0195,9
467,2023-01-02 14:44:52,-0.071,23.63,0.1744,64.4758,9
468,2023-01-02 14:39:51,-0.0712,23.65,0.1013,64.6277,9
469,2023-01-02 14:34:51,-0.0733,23.7,0.2508,64.6581,9
470,2023-01-02 14:29:50,-0.0724,23.74,0,65.3255,9
471,2023-01-02 14:24:47,-0.0713,23.68,0.406,65.0223,9
472,2023-01-02 14:19:46,-0.0734,23.68,0,65.1133,9
473,2023-01-02 14:14:36,-0.0727,23.66,0,64.5669,9
474,2023-01-02 14:09:35,-0.0727,23.73,0,64.2629,9
475,2023-01-02 14:04:35,-0.0709,23.9,0,62.5852,9
476,2023-01-02 13:59:34,-0.0717,24.09,0,61.8501,9
477,2023-01-02 13:54:33,-0.0716,24.23,0,61.1132,9
478,2023-01-02 13:49:33,-0.0709,24.31,0,60.4669,9
479,2023-01-02 13:44:32,-0.072,24.32,0,60.8671,9
480,2023-01-02 13:39:32,-0.0719,24.4,0,60.0969,9
481,2023-01-02 13:34:22,-0.0714,24.47,0,59.4175,9
482,2023-01-02 13:29:21,-0.0725,24.53,0,58.4264,9
483,2023-01-02 13:24:20,-0.0707,24.68,0,57.8675,9
484,2023-01-02 13:19:17,-0.0713,24.89,0,57.0584,9
485,2023-01-02 13:14:13,-0.0719,25.13,0,56.7155,9
486,2023-01-02 13:09:13,-0.0713,25.38,0,56.0284,9
487,2023-01-02 13:04:09,-0.071,25.71,0,54.3983,9
488,2023-01-02 12:59:09,-0.0707,25.99,0,53.4855,9
489,2023-01-02 12:54:08,-0.0699,26.26,0,52.6332,9
490,2023-01-02 12:48:58,-0.0832,26.56,0,51.8737,9
491,2023-01-02 12:43:57,-0.0977,26.88,0,51.1123,9
492,2023-01-02 12:38:57,-0.1058,27.2,0,50.4128,9
493,2023-01-02 12:33:53,-0.0668,27.52,0.2337,49.616,9
494,2023-01-02 12:28:52,-0.0211,27.8,2.0216,49.137,9
495,2023-01-02 12:23:52,0.0934,28.09,8.3299,48.4011,9
496,2023-01-02 12:18:51,0.2955,28.3,17.6911,47.3745,9
497,2023-01-02 12:13:50,0.4962,28.54,26.8155,46.3446,9
498,2023-01-02 12:08:40,0.7004,28.78,36.9049,45.2144,9
499,2023-01-02 12:03:25,0.941,29.07,52.3027,44.2426,9
500,2023-01-02 11:58:24,1.2247,29.33,69.7267,43.3655,9
501,2023-01-02 11:53:15,1.4952,29.56,89.9923,42.1924,9
502,2023-01-02 11:48:14,1.8654,29.74,107.417,41.4735,9
503,2023-01-02 11:43:04,2.1506,30.12,120.4324,40.6875,9
504,2023-01-02 11:37:50,2.4011,30.31,144.5522,39.9654,9
505,2023-01-02 11:32:49,2.7975,30.39,151.9555,39.8668,9
506,2023-01-02 11:27:48,3.1969,30.57,167.0248,39.0441,9
507,2023-01-02 11:22:45,3.7935,30.75,195.644,38.5165,9
508,2023-01-02 11:17:44,4.6179,30.97,211.7687,38.5825,9
509,2023-01-02 11:12:43,5.3668,31.09,219.7385,37.8559,9
510,2023-01-02 11:07:33,5.5964,31.02,254.403,37.9881,9
511,2023-01-02 11:02:33,6.5422,31.29,268.3977,37.3927,9
512,2023-01-02 10:57:22,7.3563,31.41,298.9735,36.73,9
513,2023-01-02 10:52:22,8.1497,31.56,307.7277,36.5973,9
514,2023-01-02 10:47:21,8.2646,31.68,337.5802,36.5973,9
515,2023-01-02 10:42:21,9.0933,31.71,369.5292,36.0992,9
516,2023-01-02 10:37:20,9.7248,31.78,398.2395,35.9994,9
517,2023-01-02 10:32:10,10.7152,31.91,407.3067,34.9341,9
518,2023-01-02 10:27:00,11.3132,32.21,422.5564,34.8674,9
519,2023-01-02 10:22:00,12.2757,32.3,464.0977,34.8007,9
520,2023-01-02 10:16:50,13.439,32.23,486.2411,34.6673,9
521,2023-01-02 10:11:46,14.0682,32.39,506.8669,34.7674,9
522,2023-01-02 10:06:46,14.5067,32.77,513.5892,33.8321,9
523,2023-01-02 10:01:42,14.8331,32.67,535.3466,34.8007,9
524,2023-01-02 09:56:42,15.4263,32.63,559.694,34.4003,9
525,2023-01-02 09:51:41,16.123,32.57,571.4946,34.4003,9
526,2023-01-02 09:46:31,16.2289,32.47,582.7925,35.1341,9
527,2023-01-02 09:41:21,16.6625,32.34,608.5258,35.0008,9
528,2023-01-02 09:36:21,17.2387,32.58,632.2794,33.8656,9
529,2023-01-02 09:31:20,18.1094,32.7,654.7637,34.1998,9
530,2023-01-02 09:26:19,18.5599,32.61,672.2452,33.9659,9
531,2023-01-02 09:21:10,18.2503,32.58,690.6507,34.6006,9
532,2023-01-02 09:16:09,18.8705,32.4,640.1476,35.1341,9
533,2023-01-02 09:11:09,18.9126,32.31,677.5315,35.7667,9
534,2023-01-02 09:05:59,19.8315,32.37,716.0604,34.734,9
535,2023-01-02 09:00:59,20.2636,32,733.5757,35.4672,9
536,2023-01-01 17:55:55,-0.0673,19.25,0,78.0917,9
537,2023-01-01 17:50:55,-0.0687,19.49,0,78.3808,9
538,2023-01-01 17:45:54,-0.0685,19.67,0,78.5253,9
539,2023-01-01 17:40:54,-0.0688,19.85,0,77.9759,9
540,2023-01-01 17:35:43,-0.0687,20.03,0,77.7732,9
541,2023-01-01 17:30:43,-0.0682,20.16,0,76.1168,9
542,2023-01-01 17:25:32,-0.0696,20.25,0,75.7667,9
543,2023-01-01 17:20:32,-0.0672,20.27,0.0215,76.0876,9
544,2023-01-01 17:15:31,-0.0687,20.25,0,75.387,9
545,2023-01-01 17:10:31,-0.0685,20.26,0.4383,75.2993,9
546,2023-01-01 17:05:30,-0.0671,20.26,0,75.1531,9
547,2023-01-01 17:00:21,-0.0672,20.31,0,75.1531,9
548,2023-01-01 16:55:20,-0.0673,20.42,0,74.7139,9
549,2023-01-01 16:50:10,-0.0682,20.58,0,73.9803,9
550,2023-01-01 16:45:00,-0.0689,20.74,0,72.8614,9
551,2023-01-01 16:39:59,-0.0671,20.85,0,72.0637,9
552,2023-01-01 16:34:49,-0.0676,20.96,0,71.7676,9
553,2023-01-01 16:29:49,-0.0671,21.06,0,71.1746,9
554,2023-01-01 16:24:39,-0.0682,21.1,0,70.7587,9
555,2023-01-01 16:19:29,-0.0676,21.27,0,70.4612,9
556,2023-01-01 16:14:28,-0.0694,21.39,0,68.6099,9
557,2023-01-01 16:09:28,-0.0678,21.67,0,69.5669,9
558,2023-01-01 16:04:24,-0.0672,21.75,0.6235,69.4774,9
559,2023-01-01 15:59:23,-0.0683,21.78,0,69.5371,9
560,2023-01-01 15:54:13,-0.068,21.82,0,68.2802,9
561,2023-01-01 15:49:13,-0.0704,21.91,0.2214,68.8794,9
562,2023-01-01 15:44:12,-0.0696,21.84,0.0711,69.0589,9
563,2023-01-01 15:39:11,-0.0702,21.78,0,69.2084,9
564,2023-01-01 15:34:02,-0.0698,21.76,0,69.5968,9
565,2023-01-01 15:29:01,-0.0704,21.79,0,69.4774,9
566,2023-01-01 15:24:01,-0.0705,21.98,0,68.4001,9
567,2023-01-01 15:19:00,-0.0708,22.17,0,66.6257,9
568,2023-01-01 15:13:59,-0.0708,22.34,0,66.3541,9
569,2023-01-01 15:08:59,-0.0694,22.58,0,65.477,9
570,2023-01-01 15:03:58,-0.0688,22.9,0,63.7454,9
571,2023-01-01 14:58:58,-0.0699,23.2,0,62.4628,9
572,2023-01-01 14:53:57,-0.0697,23.43,0,60.6209,9
573,2023-01-01 14:48:57,-0.0682,23.41,0,60.6824,9
574,2023-01-01 14:43:56,-0.0699,23.44,0,60.3744,9
575,2023-01-01 14:38:56,-0.0695,23.54,0,59.8191,9
576,2023-01-01 14:33:55,-0.0699,23.7,0,59.2319,9
577,2023-01-01 14:28:54,-0.0699,23.72,0,57.7432,9
578,2023-01-01 14:23:44,-0.0692,23.74,0,57.9918,9
579,2023-01-01 14:18:44,-0.0694,23.87,0,58.1161,9
580,2023-01-01 14:13:43,-0.0686,24.05,0,57.8054,9
581,2023-01-01 14:08:43,-0.0696,24.32,0,55.7782,9
582,2023-01-01 14:03:42,-0.0697,24.58,0,54.2411,9
583,2023-01-01 13:58:41,-0.0681,24.65,0,53.7061,9
584,2023-01-01 13:53:41,-0.0684,24.63,0,53.3278,9
585,2023-01-01 13:48:40,-0.0701,24.6,0,53.3594,9
586,2023-01-01 13:43:40,-0.0678,24.39,0,54.2411,9
587,2023-01-01 13:38:39,-0.0696,24.24,0,55.0263,9
588,2023-01-01 13:33:29,-0.0702,24.36,0,55.9346,9
589,2023-01-01 13:28:29,-0.0712,24.61,0,54.8694,9
590,2023-01-01 13:23:28,-0.0702,24.82,0,54.8694,9
591,2023-01-01 13:18:28,-0.0687,25.1,0,54.6497,9
592,2023-01-01 13:13:27,-0.0697,25.31,0,53.3594,9
593,2023-01-01 13:08:17,-0.0682,25.58,0,53.3278,9
594,2023-01-01 13:03:17,-0.0697,25.74,0,52.8228,9
595,2023-01-01 12:58:13,-0.0688,26.02,0,52.1587,9
596,2023-01-01 12:53:13,-0.0693,26.32,0,51.2076,9
597,2023-01-01 12:48:12,-0.0851,26.64,0,50.4128,9
598,2023-01-01 12:43:11,-0.1063,26.84,0,49.9031,9
599,2023-01-01 12:38:11,-0.0981,27.11,0,48.7853,9
600,2023-01-01 12:33:07,-0.0594,27.49,0,47.9524,9
601,2023-01-01 12:28:07,0.0026,27.9,0.9201,46.7312,9
602,2023-01-01 12:23:06,0.1211,28.38,6.1491,45.6669,9
603,2023-01-01 12:18:03,0.26,28.79,12.8036,44.7612,9
604,2023-01-01 12:13:02,0.4052,29.14,20.9132,43.6581,9
605,2023-01-01 12:07:58,0.5802,29.49,28.2436,42.6817,9
606,2023-01-01 12:02:57,0.8036,29.88,43.6497,41.4408,9
607,2023-01-01 11:57:56,1.022,30.16,60.7558,40.3266,9
608,2023-01-01 11:52:55,1.2594,30.39,76.6913,39.2746,9
609,2023-01-01 11:47:55,1.4977,30.59,93.4209,38.4835,9
610,2023-01-01 11:42:54,1.7327,30.82,108.9128,38.2194,9
611,2023-01-01 11:37:54,2.0431,30.99,126.7013,37.6906,9
612,2023-01-01 11:32:44,2.3727,31.19,146.9701,37.1278,9
613,2023-01-01 11:27:44,2.9236,31.38,165.738,36.4645,9
614,2023-01-01 11:22:43,3.5237,31.66,185.1675,35.9662,9
615,2023-01-01 11:17:39,4.3722,31.92,207.1933,35.7999,9
616,2023-01-01 11:12:39,5.1916,32.05,227.9935,35.2008,9
617,2023-01-01 11:07:38,6.0229,32.23,248.5843,35.2674,9
618,2023-01-01 11:02:38,6.6732,32.22,278.2504,35.3007,9
619,2023-01-01 10:57:37,7.3365,32.22,294.5492,35.5005,9
620,2023-01-01 10:52:37,8.1908,32.28,316.0182,34.734,9
621,2023-01-01 10:47:36,8.8743,32.31,327.9156,35.4339,9
622,2023-01-01 10:42:35,9.1174,32.41,339.1385,34.5338,9
623,2023-01-01 10:37:26,9.0916,32.52,376.8747,35.6003,9
624,2023-01-01 10:32:25,7.9377,32.68,400.3578,35.2008,9
625,2023-01-01 10:27:22,9.3828,32.78,414.9702,34.6673,9
626,2023-01-01 10:22:21,10.214,32.88,424.2095,34.5004,9
627,2023-01-01 10:17:11,11.4436,32.9,473.7476,34.734,9
628,2023-01-01 10:12:07,12.2216,32.8,492.1967,35.2008,9
629,2023-01-01 10:07:03,13.4646,32.85,504.9904,34.9675,8
630,2023-01-01 10:01:51,14.074,32.98,526.5039,35.4339,8
631,2023-01-01 09:56:50,14.464,32.91,553.8764,34.8007,8
632,2023-01-01 09:51:49,14.9965,32.58,553.7222,36.0659,8
633,2023-01-01 09:46:45,12.9122,32.68,605.1962,35.334,8
634,2023-01-01 09:41:45,13.0991,32.5,629.2128,35.933,8
635,2023-01-01 09:36:44,9.5205,32.38,640.678,36.3317,8
636,2023-01-01 09:31:44,12.4131,31.96,647.1298,37.194,8
637,2023-01-01 09:26:43,17.5258,31.48,676.1025,37.7236,8
638,2023-01-01 09:21:43,18.3968,31.19,680.1161,39.1758,8
639,2023-01-01 09:16:42,18.3776,31.29,670.8161,38.3845,8
640,2023-01-01 09:11:42,19.122,31.26,651.4077,38.4175,8
641,2023-01-01 09:06:41,15.062,30.98,473.8271,38.6485,8
642,2023-01-01 09:01:31,14.9642,30.93,282.0152,38.4505,8
643,2022-12-31 17:56:03,-0.0666,20.66,0,77.5413,8
644,2022-12-31 17:50:53,-0.0662,20.7,0,77.077,8
645,2022-12-31 17:45:53,-0.0666,20.76,0,77.4253,8
646,2022-12-31 17:40:49,-0.0658,20.78,0,77.077,8
647,2022-12-31 17:35:40,-0.066,20.9,0,77.4253,8
648,2022-12-31 17:30:39,-0.0659,21,0,78.1784,8
649,2022-12-31 17:25:38,-0.0665,21.02,0.0571,78.1784,8
650,2022-12-31 17:20:28,-0.0678,21.09,0.0065,78.4097,8
651,2022-12-31 17:15:18,-0.07,21.1,0,78.2652,8
652,2022-12-31 17:10:08,-0.0684,21.13,0,78.1206,8
653,2022-12-31 17:05:08,-0.0688,21.2,0,78.323,8
654,2022-12-31 17:00:07,-0.0683,21.21,0,78.4097,8
655,2022-12-31 16:55:07,-0.0688,21.25,0,77.2512,8
656,2022-12-31 16:49:56,-0.0688,21.43,0,76.9027,8
657,2022-12-31 16:44:56,-0.069,21.54,0,76.641,8
658,2022-12-31 16:39:55,-0.0698,21.63,0,75.4747,8
659,2022-12-31 16:34:55,-0.0691,21.78,0,75.3285,8
660,2022-12-31 16:29:54,-0.069,21.88,0,74.5673,8
661,2022-12-31 16:24:53,-0.0686,22.05,0,74.5966,8
662,2022-12-31 16:19:53,-0.0694,22.06,0,74.45,8
663,2022-12-31 16:14:49,-0.0694,22.11,0,74.1272,8
664,2022-12-31 16:09:49,-0.0688,22.18,0.9814,74.1565,8
665,2022-12-31 16:04:48,-0.0694,22.04,0.873,74.5673,8
666,2022-12-31 15:59:48,-0.0693,21.97,0,74.45,8
667,2022-12-31 15:54:47,-0.0693,21.88,0.2899,73.4803,8
668,2022-12-31 15:49:47,-0.0692,21.82,0.1069,72.7729,8
669,2022-12-31 15:44:35,-0.069,21.83,0,73.4803,8
670,2022-12-31 15:39:35,-0.0689,21.98,0,73.3331,8
671,2022-12-31 15:34:34,-0.0685,22.12,0,72.5367,8
672,2022-12-31 15:29:24,-0.07,22.29,0,71.738,8
673,2022-12-31 15:24:23,-0.0707,22.43,0,71.2933,8
674,2022-12-31 15:19:23,-0.0687,22.64,0,70.1634,8
675,2022-12-31 15:14:19,-0.0697,22.87,0,69.328,8
676,2022-12-31 15:09:19,-0.0696,23.26,0,67.3488,8
677,2022-12-31 15:04:18,-0.0695,23.4,0,66.6559,8
678,2022-12-31 14:59:17,-0.0695,23.47,0.02,66.2031,8
679,2022-12-31 14:54:17,-0.0697,23.53,0,66.0519,8
680,2022-12-31 14:49:16,-0.0708,23.57,0,66.0217,8
681,2022-12-31 14:44:16,-0.0702,23.66,0,65.9915,8
682,2022-12-31 14:39:15,-0.0701,23.8,0,65.6587,8
683,2022-12-31 14:34:11,-0.0701,23.89,0,64.2021,8
684,2022-12-31 14:29:11,-0.0703,23.85,0.2282,63.989,8
685,2022-12-31 14:24:10,-0.07,23.84,0,64.0499,8
686,2022-12-31 14:19:07,-0.0682,23.91,0,64.0499,8
687,2022-12-31 14:14:06,-0.0689,24,0,64.0499,8
688,2022-12-31 14:09:05,-0.0691,24.11,0,63.8063,8
689,2022-12-31 14:04:05,-0.0684,24.17,0,63.5015,8
690,2022-12-31 13:59:04,-0.0686,24.26,0,63.2575,8
691,2022-12-31 13:54:04,-0.0677,24.38,0,62.9826,8
692,2022-12-31 13:49:03,-0.0675,24.45,0,62.3098,8
693,2022-12-31 13:44:03,-0.0673,24.5,0,62.371,8
694,2022-12-31 13:39:02,-0.0669,24.51,0,62.2485,8
695,2022-12-31 13:33:59,-0.0673,24.53,0,61.7581,8
696,2022-12-31 13:28:58,-0.0678,24.68,0,61.5126,8
697,2022-12-31 13:23:54,-0.0664,24.85,0,60.9594,8
698,2022-12-31 13:18:54,-0.0669,25.06,0,59.8809,8
699,2022-12-31 13:13:53,-0.0658,25.26,0,59.0772,8
700,2022-12-31 13:08:53,-0.0675,25.36,0,58.5505,8
701,2022-12-31 13:03:52,-0.0681,25.57,0,57.7432,8
702,2022-12-31 12:58:52,-0.0683,25.81,0,57.1519,8
703,2022-12-31 12:53:51,-0.0681,26.02,0,56.0597,8
704,2022-12-31 12:48:41,-0.072,26.27,0,54.4612,8
705,2022-12-31 12:43:40,-0.1029,26.6,0,53.1385,8
706,2022-12-31 12:38:40,-0.0963,27.01,0,52.6016,8
707,2022-12-31 12:33:30,-0.0648,27.32,0,51.842,8
708,2022-12-31 12:28:29,-0.0281,27.67,0,50.7946,8
709,2022-12-31 12:23:29,0.0427,28.05,4.0099,49.7755,8
710,2022-12-31 12:18:28,0.1551,28.45,9.0796,48.6573,8
711,2022-12-31 12:13:28,0.2829,28.78,13.8504,48.1127,8
712,2022-12-31 12:08:27,0.3942,29.07,18.6451,47.1816,8
713,2022-12-31 12:03:26,0.5686,29.35,26.077,46.4735,8
714,2022-12-31 11:58:26,0.7608,29.58,39.1323,45.7638,8
715,2022-12-31 11:53:25,1.0568,29.88,45.7013,44.9231,8
716,2022-12-31 11:48:25,1.4057,30.15,58.8049,44.3399,8
717,2022-12-31 11:43:24,1.6933,30.46,91.0538,43.2353,8
718,2022-12-31 11:38:24,2.038,30.77,116.6511,43.0726,8
719,2022-12-31 11:33:23,2.4725,31.25,140.5496,41.8331,8
720,2022-12-31 11:28:22,2.8849,31.6,166.8102,40.0968,8
721,2022-12-31 11:23:22,3.5178,31.55,190.7081,40.5563,8
722,2022-12-31 11:18:12,4.2126,31.53,209.5796,39.4721,8
723,2022-12-31 11:13:12,5.0126,31.38,230.8478,40.1625,8
724,2022-12-31 11:08:11,5.9481,31.22,254.2987,39.6037,8
725,2022-12-31 11:03:08,6.552,31.05,265.0021,39.5708,8
726,2022-12-31 10:58:07,6.9733,31.13,267.418,39.0441,8
727,2022-12-31 10:53:06,7.6132,31.17,300.138,39.1758,8
728,2022-12-31 10:48:06,8.5406,31.23,279.8479,39.3076,8
729,2022-12-31 10:43:05,8.9241,30.9,348.4684,39.6366,8
730,2022-12-31 10:38:01,8.7061,30.82,234.8193,39.505,8
731,2022-12-31 10:33:01,6.2101,30.84,138.0186,39.2088,8
732,2022-12-31 10:27:57,4.4023,30.84,134.4062,39.4721,8
733,2022-12-31 10:22:56,4.0898,31.09,131.894,39.2417,8
734,2022-12-31 10:17:56,5.8431,31.48,140.4828,39.0111,8
735,2022-12-31 10:12:55,3.9726,31.88,155.6087,38.1533,8
736,2022-12-31 10:07:46,3.4811,32.41,139.7673,36.73,8
737,2022-12-31 10:02:36,5.1008,32.91,154.2878,35.4672,8
738,2022-12-31 09:57:35,5.6763,33.05,339.3356,35.9662,8
739,2022-12-31 09:52:35,12.689,33,537.5854,36.3649,8
740,2022-12-31 09:47:34,16.7763,32.36,630.3891,38.2524,8
741,2022-12-31 09:42:34,12.2459,31.67,645.6903,39.8339,8
742,2022-12-31 09:37:33,8.3615,31.59,304.0524,40.0968,8
743,2022-12-31 09:32:33,9.6398,31.6,276.2737,39.4392,8
744,2022-12-31 09:27:32,9.9345,31.48,328.9781,40.9825,8
745,2022-12-31 09:22:31,13.5507,31.67,232.9012,40.1625,8
746,2022-12-31 09:17:31,15.8941,32.07,432.5551,38.8134,8
747,2022-12-31 09:12:30,18.449,32.5,698.8261,37.9881,8
748,2022-12-31 09:07:30,19.1163,32.18,730.7559,38.9782,8
749,2022-12-31 09:02:29,19.717,32.44,697.2971,37.7898,8
750,2022-12-30 17:59:16,-0.0672,20.31,0.0157,78.7563,8
751,2022-12-30 17:54:13,-0.0696,20.29,0,78.9583,8
752,2022-12-30 17:49:12,-0.0696,20.36,0,78.6697,8
753,2022-12-30 17:44:11,-0.0695,20.46,0,78.6408,8
754,2022-12-30 17:39:11,-0.0698,20.6,0,78.1784,8
755,2022-12-30 17:34:01,-0.0699,20.67,0,76.379,8
756,2022-12-30 17:28:52,-0.0694,20.82,0,75.2993,8
757,2022-12-30 17:23:51,-0.0701,21.06,0,73.9215,8
758,2022-12-30 17:18:41,-0.0686,21.34,0,75.0653,8
759,2022-12-30 17:13:40,-0.0694,21.47,0,74.7139,8
760,2022-12-30 17:08:31,-0.0689,21.51,0,74.5673,8
761,2022-12-30 17:03:21,-0.0687,21.52,0,74.9189,8
762,2022-12-30 16:58:21,-0.0692,21.58,0,75.036,8
763,2022-12-30 16:53:20,-0.0693,21.67,0,74.7432,8
764,2022-12-30 16:48:10,-0.0697,21.73,0,75.6791,8
765,2022-12-30 16:43:10,-0.0692,21.58,0,74.039,8
766,2022-12-30 16:38:00,-0.0685,21.53,0,74.7432,8
767,2022-12-30 16:32:50,-0.0693,21.52,0,74.8896,8
768,2022-12-30 16:27:49,-0.0685,21.38,0,74.0978,8
769,2022-12-30 16:22:39,-0.0687,21.26,0,73.9803,8
770,2022-12-30 16:17:38,-0.0711,21.26,0,74.6553,8
771,2022-12-30 16:12:38,-0.0707,21.28,0,75.0945,8
772,2022-12-30 16:07:28,-0.0708,21.28,0,75.7959,8
773,2022-12-30 16:02:28,-0.0695,21.16,0,74.7725,8
774,2022-12-30 15:57:27,-0.0708,21.06,0,73.4214,8
775,2022-12-30 15:52:27,-0.0709,21.24,0,75.5623,8
776,2022-12-30 15:47:26,-0.0709,21.31,0,75.5039,8
777,2022-12-30 15:42:25,-0.0702,21.43,0,74.9189,8
778,2022-12-30 15:37:25,-0.0704,21.51,0,74.1859,8
779,2022-12-30 15:32:24,-0.071,21.69,0,74.2152,8
780,2022-12-30 15:27:24,-0.0719,21.87,0,72.3594,8
781,2022-12-30 15:22:23,-0.0708,21.95,0,73.1563,8
782,2022-12-30 15:17:14,-0.0711,22.06,0,72.3299,8
783,2022-12-30 15:12:13,-0.0706,22.2,0,71.9453,8
784,2022-12-30 15:07:12,-0.0702,22.34,0,71.2042,8
785,2022-12-30 15:02:12,-0.072,22.47,0,70.8478,8
786,2022-12-30 14:57:11,-0.0724,22.61,0,70.7884,8
787,2022-12-30 14:52:01,-0.072,22.8,0,70.3124,8
788,2022-12-30 14:47:00,-0.0729,23.08,0,69.746,8
789,2022-12-30 14:42:00,-0.0713,23.62,0,67.7097,8
790,2022-12-30 14:36:59,-0.0713,24.19,0,64.5365,8
791,2022-12-30 14:31:59,-0.071,24.58,0,62.2485,8
792,2022-12-30 14:26:58,-0.0724,24.81,0,61.1132,8
793,2022-12-30 14:21:57,-0.0717,24.98,0,60.4669,8
794,2022-12-30 14:16:57,-0.0718,25.03,0,60.1894,8
795,2022-12-30 14:11:56,-0.0713,25.09,0,59.9735,8
796,2022-12-30 14:06:56,-0.0715,25.19,0,60.1277,8
797,2022-12-30 14:01:55,-0.0718,25.28,0,59.6647,8
798,2022-12-30 13:56:55,-0.0718,25.35,0,59.8809,8
799,2022-12-30 13:51:54,-0.0712,25.38,0,58.9223,8
800,2022-12-30 13:46:51,-0.0716,25.42,0,58.7055,8
801,2022-12-30 13:41:50,-0.0745,25.42,0,58.6435,8
802,2022-12-30 13:36:46,-0.074,25.57,0,59.9735,8
803,2022-12-30 13:31:37,-0.0735,25.7,0,56.7155,8
804,2022-12-30 13:26:36,-0.0728,25.98,0,55.6217,8
805,2022-12-30 13:21:36,-0.0715,26.24,0,55.3711,8
806,2022-12-30 13:16:35,-0.071,26.5,0,54.9322,8
807,2022-12-30 13:11:34,-0.0715,26.71,0,53.6746,8
808,2022-12-30 13:06:32,-0.0723,26.87,0,52.9807,8
809,2022-12-30 13:01:31,-0.0729,27.04,0,52.4751,8
810,2022-12-30 12:56:31,-0.0722,27.13,0,52.1587,8
811,2022-12-30 12:51:30,-0.0711,27.25,0,51.6518,8
812,2022-12-30 12:46:30,-0.0856,27.41,0,51.3346,8
813,2022-12-30 12:41:29,-0.1116,27.69,0,50.8263,8
814,2022-12-30 12:36:28,-0.0976,28,0,50.2218,8
815,2022-12-30 12:31:28,-0.0598,28.28,0.5014,49.616,8
816,2022-12-30 12:26:27,0.0017,28.57,3.0078,48.7853,8
817,2022-12-30 12:21:27,0.1064,28.85,6.7493,48.0165,8
818,2022-12-30 12:16:17,0.2639,29.14,14.5299,47.4387,8
819,2022-12-30 12:11:16,0.4314,29.43,25.7209,46.8599,8
820,2022-12-30 12:06:16,0.6156,29.66,36.525,45.9575,8
821,2022-12-30 12:01:15,0.8238,29.86,51.7144,45.085,8
822,2022-12-30 11:56:15,1.093,30.07,61.6035,44.9231,8
823,2022-12-30 11:51:14,1.3296,30.22,90.1195,44.4047,8
824,2022-12-30 11:46:04,1.5516,30.41,94.8281,43.7881,8
825,2022-12-30 11:41:04,1.7566,30.67,67.7881,43.2028,8
826,2022-12-30 11:35:53,2.1027,30.79,143.2465,42.6817,8
827,2022-12-30 11:30:53,2.5298,30.92,163.2724,42.7143,8
828,2022-12-30 11:25:52,3.0669,31.13,172.5271,42.0945,8
829,2022-12-30 11:20:52,3.7719,31.29,188.3281,41.9965,8
830,2022-12-30 11:15:42,4.863,31.27,203.6572,42.0291,8
831,2022-12-30 11:10:41,5.8025,31.44,231.2078,41.6697,8
832,2022-12-30 11:05:41,6.4359,31.73,146.0538,40.6875,8
833,2022-12-30 11:00:40,7.0082,32.18,248.9355,40.4251,8
834,2022-12-30 10:55:39,7.9019,32.42,294.1427,39.6366,8
835,2022-12-30 10:50:39,8.9866,32.74,346.1004,39.4392,8
836,2022-12-30 10:45:38,10.2037,33.14,398.0385,39.0111,8
837,2022-12-30 10:40:37,11.262,33.21,439.6162,38.9123,8
838,2022-12-30 10:35:36,12.3368,33.16,455.8686,37.1278,8
839,2022-12-30 10:30:36,12.6101,32.88,451.9739,38.4835,8
840,2022-12-30 10:25:35,12.9348,33.11,486.7434,38.9123,8
841,2022-12-30 10:20:35,13.7991,32.84,506.4219,36.1324,8
842,2022-12-30 10:15:31,14.044,33.11,518.8239,35.9662,8
843,2022-12-30 10:10:31,14.8265,33.32,528.3831,36.2985,8
844,2022-12-30 10:05:30,15.3141,33.47,560.0449,35.5338,8
845,2022-12-30 10:00:30,15.9216,33.34,569.6964,36.4313,8
846,2022-12-30 09:55:29,16.5248,33.24,592.5194,36.3981,8
847,2022-12-30 09:50:28,17.2271,33.15,631.3725,36.7963,8
848,2022-12-30 09:45:27,18.0571,33.21,653.6179,36.1988,8
849,2022-12-30 09:40:27,18.6478,33.54,660.6052,35.334,8
850,2022-12-30 09:35:26,18.8632,33.63,686.996,34.8674,8
851,2022-12-30 09:30:25,19.3293,33.64,689.0608,33.9993,8
852,2022-12-30 09:25:25,19.4691,33.42,724.1746,36.4313,8
853,2022-12-30 09:20:24,19.7377,33.66,761.5041,35.7999,8
854,2022-12-30 09:15:24,20.5531,33.79,782.7466,35.9994,8
855,2022-12-30 09:10:23,21.4658,33.75,763.3981,36.5973,8
856,2022-12-30 09:05:23,20.9165,33.68,759.81,36.6636,8
857,2022-12-30 09:00:19,21.2545,33.78,805.233,36.4977,8
858,2022-12-29 17:58:24,-0.067,21.3,0,77.0189,8
859,2022-12-29 17:53:24,-0.0688,21.27,0,77.8601,8
860,2022-12-29 17:48:20,-0.068,21.23,0.0025,77.9759,8
861,2022-12-29 17:43:20,-0.0665,21.2,0,78.2074,8
862,2022-12-29 17:38:19,-0.0672,21.1,0,76.1168,8
863,2022-12-29 17:33:09,-0.0677,21.2,0,76.5246,8
864,2022-12-29 17:28:08,-0.0676,21.25,0,77.1351,8
865,2022-12-29 17:23:08,-0.068,21.28,0,77.2802,8
866,2022-12-29 17:17:58,-0.0678,21.34,0,76.67,8
867,2022-12-29 17:12:58,-0.0678,21.46,0,76.2042,8
868,2022-12-29 17:07:57,-0.0665,21.57,0,74.9482,8
869,2022-12-29 17:02:48,-0.0669,21.82,0,75.6791,8
870,2022-12-29 16:57:47,-0.0657,21.97,0,75.5623,8
871,2022-12-29 16:52:46,-0.0672,22.06,0.3033,75.4162,8
872,2022-12-29 16:47:36,-0.0666,22.11,0.014,75.5915,8
873,2022-12-29 16:42:36,0,0,0,0,8
874,2022-12-29 16:37:35,-0.0672,22.02,0,75.6207,8
875,2022-12-29 16:32:35,-0.0676,22.12,0,76.4663,8
876,2022-12-29 16:27:34,-0.0675,22.12,0,76.7864,8
877,2022-12-29 16:22:34,-0.067,22.17,0,74.8018,8
878,2022-12-29 16:17:33,-0.0672,22.26,0,74.7432,8
879,2022-12-29 16:12:32,-0.0669,22.28,0,71.9749,8
880,2022-12-29 16:07:32,-0.0667,22.48,0,74.4793,8
881,2022-12-29 16:02:19,-0.066,22.48,0.5396,72.8319,8
882,2022-12-29 15:57:10,-0.0666,22.47,0.1058,73.8039,8
883,2022-12-29 15:52:09,-0.0663,22.47,0.0098,73.0974,8
884,2022-12-29 15:47:09,-0.0661,22.5,0,72.6253,8
885,2022-12-29 15:42:08,-0.0671,22.39,0,72.6253,8
886,2022-12-29 15:37:07,-0.0664,22.22,0,73.2153,8
887,2022-12-29 15:32:07,-0.0667,22.02,0,73.9803,8
888,2022-12-29 15:27:06,-0.0688,22.06,0,72.8024,8
889,2022-12-29 15:22:06,-0.069,22.19,0,72.2412,8
890,2022-12-29 15:17:05,-0.0693,22.37,0,71.7084,8
891,2022-12-29 15:12:05,-0.0712,22.55,0,71.9749,8
892,2022-12-29 15:07:04,-0.0698,22.66,0,71.0855,8
893,2022-12-29 15:02:03,-0.0695,22.76,0,71.2339,8
894,2022-12-29 14:57:03,-0.0688,23.17,0,70.1336,8
895,2022-12-29 14:52:02,-0.0693,23.35,0,68.55,8
896,2022-12-29 14:46:58,-0.0695,23.6,0,67.9801,8
897,2022-12-29 14:41:55,-0.0694,23.94,0,65.1437,8
898,2022-12-29 14:36:45,-0.0689,24.24,0,65.1437,8
899,2022-12-29 14:31:35,-0.0686,24.46,0,64.6581,8
900,2022-12-29 14:26:31,-0.0688,24.69,0,63.7759,8
901,2022-12-29 14:21:31,-0.0691,24.8,0,64.1412,8
902,2022-12-29 14:16:30,-0.069,24.78,0,61.5433,8
903,2022-12-29 14:11:30,-0.0693,24.74,0,62.3098,8
904,2022-12-29 14:06:29,-0.0692,24.88,0,63.9586,8
905,2022-12-29 14:01:25,-0.0692,25.11,0,65.083,8
906,2022-12-29 13:56:25,-0.0683,25.18,0,62.371,8
907,2022-12-29 13:51:21,-0.0684,25.31,0,59.6029,8
908,2022-12-29 13:46:21,-0.068,25.37,0,57.5566,8
909,2022-12-29 13:41:20,-0.0678,25.46,0,58.3954,7
910,2022-12-29 13:36:20,-0.0687,25.57,0,56.3721,7
911,2022-12-29 13:31:19,-0.0684,25.72,0,56.0284,7
912,2022-12-29 13:26:19,-0.0674,25.76,0,55.7469,7
913,2022-12-29 13:21:18,-0.0671,25.82,0,55.6217,7
914,2022-12-29 13:16:17,-0.0677,25.95,0,55.0577,7
915,2022-12-29 13:11:17,-0.067,26.18,0,54.0209,7
916,2022-12-29 13:06:16,-0.0686,26.42,0,53.58,7
917,2022-12-29 13:01:16,-0.0688,26.68,0,52.7596,7
918,2022-12-29 12:56:15,-0.0674,27,0,51.9687,7
919,2022-12-29 12:51:12,-0.0674,27.32,0,51.1441,7
920,2022-12-29 12:46:08,-0.0792,27.65,0,50.1899,7
921,2022-12-29 12:41:04,-0.1051,28.03,0,49.169,7
922,2022-12-29 12:35:55,-0.1019,28.5,0,48.0165,7
923,2022-12-29 12:30:54,-0.0597,28.88,0,46.7955,7
924,2022-12-29 12:25:50,0.0077,29.34,2.0175,45.1497,7
925,2022-12-29 12:20:50,0.1255,29.77,7.1821,43.6906,7
926,2022-12-29 12:15:49,0.2928,30.25,18.506,42.3556,7
927,2022-12-29 12:10:45,0.4621,30.62,33.1586,41.2772,7
928,2022-12-29 12:05:44,0.6356,30.91,50.2701,40.1953,7
929,2022-12-29 12:00:44,0.8058,31.24,66.487,39.6366,7
930,2022-12-29 11:55:43,0.9997,31.58,88.2695,38.6815,7
931,2022-12-29 11:50:43,1.1714,31.7,108.0223,38.2194,7
932,2022-12-29 11:45:39,1.3692,31.95,126.2722,37.3927,7
933,2022-12-29 11:40:39,1.5729,32.21,148.5117,37.0284,7
934,2022-12-29 11:35:38,1.8832,32.53,178.0431,36.2985,7
935,2022-12-29 11:30:28,2.5803,32.64,201.8082,35.8997,7
936,2022-12-29 11:25:27,3.4491,32.83,226.9367,36.2653,7
937,2022-12-29 11:20:26,4.4107,32.95,246.4345,35.5338,7
938,2022-12-29 11:15:26,5.8015,32.97,272.8824,35.7999,7
939,2022-12-29 11:10:25,7.249,33.17,301.5356,36.5973,7
940,2022-12-29 11:05:22,8.2345,32.96,318.4203,36.73,7
941,2022-12-29 11:00:12,8.644,32.81,328.6672,37.2603,7
942,2022-12-29 10:55:12,9.2161,32.58,353.8865,37.0615,7
943,2022-12-29 10:50:11,8.1345,32.85,118.9491,36.1988,7
944,2022-12-29 10:45:10,9.407,33.13,328.7824,36.3317,7
945,2022-12-29 10:40:09,10.7323,33.09,376.2474,36.6304,7
946,2022-12-29 10:35:07,11.3795,33.27,160.8031,36.4645,7
947,2022-12-29 10:29:58,8.8893,33.28,347.1027,36.3981,7
948,2022-12-29 10:24:57,11.8347,33.22,463.101,36.5309,7
949,2022-12-29 10:19:54,13.1099,33.46,497.2993,36.6636,7
950,2022-12-29 10:14:53,10.568,33.49,527.968,36.4645,7
951,2022-12-29 10:09:43,13.2869,32.94,550.7761,36.9289,7
952,2022-12-29 10:04:42,11.8349,32.62,557.8278,38.7145,7
953,2022-12-29 09:59:42,16.0157,31.86,572.6482,40.4907,7
954,2022-12-29 09:54:41,3.6384,31.82,127.399,40.261,7
955,2022-12-29 09:49:40,4.1368,32.14,191.2449,39.3076,7
956,2022-12-29 09:44:39,15.642,32.49,137.9983,39.11,7
957,2022-12-29 09:39:38,16.8382,33.15,170.1735,37.6575,7
958,2022-12-29 09:34:37,19.4508,33.89,683.9763,36.6636,7
959,2022-12-29 09:29:36,20.0819,33.89,751.7839,36.0659,7
960,2022-12-29 09:24:35,20.6259,33.56,753.8836,35.933,7
961,2022-12-29 09:19:34,20.5241,33.45,738.8613,36.4977,7
962,2022-12-29 09:14:33,20.4045,34.51,723.6365,35.8665,7
963,2022-12-29 09:09:31,20.5814,34.63,768.1153,36.1988,7
964,2022-12-29 09:04:31,21.2249,34.93,781.566,33.8656,7
965,2022-12-28 17:55:27,0,21.25,0,81.6551,7
966,2022-12-28 17:50:17,0,21.39,0,82.0258,7
967,2022-12-28 17:45:06,0,21.45,0,81.5123,7
968,2022-12-28 17:39:56,0,21.51,0,80.5683,7
969,2022-12-28 17:34:46,0,21.66,0,81.1122,7
970,2022-12-28 17:29:36,0,21.75,0,80.4249,7
971,2022-12-28 17:24:26,0,21.72,0,80.1954,7
972,2022-12-28 17:19:15,0,21.63,0,80.3962,7
973,2022-12-28 17:14:05,0,21.63,0,79.7357,7
974,2022-12-28 17:08:55,0,21.73,0,78.612,7
975,2022-12-28 17:03:45,0,21.86,0,79.4481,7
976,2022-12-28 16:58:35,0,21.83,0,78.5831,7
977,2022-12-28 16:53:24,0,21.94,0,78.1206,7
978,2022-12-28 16:48:14,0,22.12,0,78.9006,7
979,2022-12-28 16:43:04,0,22.26,0,80.5109,7
980,2022-12-28 16:37:54,0,22.3,0,78.7852,7
981,2022-12-28 16:32:43,0,22.38,0,78.2363,7
982,2022-12-28 16:27:33,0,22.41,0,76.7573,7
983,2022-12-28 16:22:23,0,22.44,0,76.7864,7
984,2022-12-28 16:17:13,0,22.5,0,74.8018,7
985,2022-12-28 16:12:03,0,22.55,0,74.5087,7
986,2022-12-28 16:06:52,0,22.67,0,74.1272,7
987,2022-12-28 16:01:42,0,22.86,0,74.0097,7
988,2022-12-28 15:56:32,0,22.97,0,74.1272,7
989,2022-12-28 15:51:22,0,23.12,0,71.5306,7
990,2022-12-28 15:46:12,0,23.2,0,73.1858,7
991,2022-12-28 15:41:01,0,23.29,0,73.8039,7
992,2022-12-28 15:35:51,0,23.39,0,73.3331,7
993,2022-12-28 15:30:41,0,23.6,0,73.0974,7
994,2022-12-28 15:25:31,0,23.78,0,71.8861,7
995,2022-12-28 15:20:20,0,23.98,0,70.8478,7
996,2022-12-28 15:15:10,0,24.18,0,70.1039,7
997,2022-12-28 15:10:00,0,24.33,0.3441,68.9991,7
998,2022-12-28 15:04:50,0,24.36,0.1051,68.9991,7
999,2022-12-28 14:59:40,0,24.42,0,70.1932,7
1000,2022-12-28 14:54:29,0,24.54,0,70.0741,7
1001,2022-12-28 14:49:19,0,24.66,0,68.6099,7
1002,2022-12-28 14:44:09,0,24.82,0,66.2031,7
1003,2022-12-28 14:38:59,0,24.96,0,66.1728,7
1004,2022-12-28 14:33:49,0,25.11,0,65.3559,7
1005,2022-12-28 14:28:38,0,25.14,0,64.5669,7
1006,2022-12-28 14:23:28,0,25.07,0,64.9617,7
1007,2022-12-28 14:18:18,0,25.01,0,64.992,7
1008,2022-12-28 14:13:08,0,25.08,0,65.5376,7
1009,2022-12-28 14:07:57,0,25.1,0,65.083,7
1010,2022-12-28 14:02:47,0,25.1,0,64.9313,7
1011,2022-12-28 13:57:37,0,25.08,0,65.3559,7
1012,2022-12-28 13:52:27,0,25.28,0,65.4165,7
1013,2022-12-28 13:47:17,0,25.46,0,64.7188,7
1014,2022-12-28 13:42:06,0,25.63,0,63.9586,7
1015,2022-12-28 13:36:56,0,25.7,0,62.7076,7
1016,2022-12-28 13:31:46,0,25.75,0,60.6209,7
1017,2022-12-28 13:26:36,0,25.92,0,59.6647,7
1018,2022-12-28 13:21:26,0,26.15,0,59.4793,7
1019,2022-12-28 13:16:15,0,26.3,0,57.9918,7
1020,2022-12-28 13:11:05,0,26.55,0,57.401,7
1021,2022-12-28 13:05:55,0,26.8,0,56.9961,7
1022,2022-12-28 13:00:45,0,27.09,0,56.6843,7
1023,2022-12-28 12:55:34,0,27.28,0,56.4346,7
1024,2022-12-28 12:50:24,0,27.65,0,56.1222,7
1025,2022-12-28 12:45:14,0,28.02,0,53.58,7
1026,2022-12-28 12:40:04,0,28.52,0,54.8694,7
1027,2022-12-28 12:34:54,0,29.06,0,51.6835,7
1028,2022-12-28 12:29:43,0,29.44,0,49.2968,7
1029,2022-12-28 12:24:43,0.0259,29.86,3.5758,48.305,7
1030,2022-12-28 12:19:42,0.1177,30.27,9.0121,47.1173,7
1031,2022-12-28 12:14:32,0.2495,30.74,21.342,45.57,7
1032,2022-12-28 12:09:31,0.373,31.07,40.4456,44.5992,7
1033,2022-12-28 12:04:30,0.5066,31.25,60.5023,44.0803,7
1034,2022-12-28 11:59:20,0.6619,31.41,82.863,43.5281,7
1035,2022-12-28 11:54:20,0.7898,31.53,103.9492,43.6906,7
1036,2022-12-28 11:49:19,0.9351,31.62,123.9708,43.8855,7
1037,2022-12-28 11:44:09,1.1023,31.74,152.1436,43.04,7
1038,2022-12-28 11:39:09,1.3356,31.9,176.8848,43.1051,7
1039,2022-12-28 11:34:08,1.7146,32.3,201.0069,42.1598,7
1040,2022-12-28 11:29:07,2.4601,32.74,222.5924,41.4408,7
1041,2022-12-28 11:24:07,3.3065,33.2,246.8068,40.2938,7
1042,2022-12-28 11:18:57,4.599,33.32,268.141,39.8668,7
1043,2022-12-28 11:13:56,5.9492,33.21,292.9751,40.4251,7
1044,2022-12-28 11:08:56,7.303,33.11,318.2255,40.2281,7
1045,2022-12-28 11:03:55,8.4765,33.41,345.7395,39.0441,7
1046,2022-12-28 10:58:54,9.4407,33.54,372.5114,38.9123,7
1047,2022-12-28 10:53:54,10.1375,33.69,384.4466,38.1533,7
1048,2022-12-28 10:48:53,10.6146,33.66,392.2393,37.6244,7
1049,2022-12-28 10:43:52,10.8553,34.08,385.9125,35.8332,7
1050,2022-12-28 10:38:49,11.4504,33.99,432.771,36.9289,7
1051,2022-12-28 10:33:48,12.3244,33.77,457.3645,36.8626,7
1052,2022-12-28 10:28:47,13.1642,33.73,484.5054,37.5913,7
1053,2022-12-28 10:23:47,13.8617,33.49,506.6168,37.8559,7
1054,2022-12-28 10:18:46,14.6692,33.63,535.7347,38.1203,7
1055,2022-12-28 10:13:37,15.6071,34.34,576.5654,36.0659,7
1056,2022-12-28 10:08:36,16.2057,34.14,593.321,36.9621,7
1057,2022-12-28 10:03:36,16.7085,33.78,602.7886,38.2194,7
1058,2022-12-28 09:58:35,17.1822,33.85,619.8274,38.4505,7
1059,2022-12-28 09:53:34,17.6351,33.73,630.8918,37.0946,7
1060,2022-12-28 09:48:31,17.9994,34.32,643.0109,37.0946,7
1061,2022-12-28 09:43:27,18.3707,34.65,654.901,36.1988,7
1062,2022-12-28 09:38:27,18.8355,34.74,674.7202,36.5309,7
1063,2022-12-28 09:33:23,19.5537,34.47,708.3779,35.4006,7
1064,2022-12-28 09:28:22,19.9157,34.58,736.4231,33.8656,7
1065,2022-12-28 09:23:22,20.3153,34.2,744.7157,36.3317,7
1066,2022-12-28 09:18:21,21.0565,33.75,784.331,38.4835,7
1067,2022-12-28 09:13:21,21.5066,34.2,790.4242,38.1533,7
1068,2022-12-28 09:08:20,21.9439,34.46,816.1734,37.3265,7
1069,2022-12-28 09:03:19,22.1531,34.3,813.1014,37.6575,7
1070,2022-12-27 17:59:12,-0.072,21.16,0,87.2158,7
1071,2022-12-27 17:54:11,-0.0709,21.15,0,86.7687,7
1072,2022-12-27 17:49:01,-0.0703,21.22,0,85.9284,7
1073,2022-12-27 17:44:00,-0.0719,21.28,0,85.9845,7
1074,2022-12-27 17:39:00,-0.0732,21.32,0,85.9564,7
1075,2022-12-27 17:33:50,-0.0724,21.31,0,85.5071,7
1076,2022-12-27 17:28:50,-0.0737,21.4,0,85.8161,7
1077,2022-12-27 17:23:49,-0.0741,21.42,0,85.7038,7
1078,2022-12-27 17:18:48,-0.0722,21.51,0,85.7319,7
1079,2022-12-27 17:13:48,-0.0726,21.5,0,85.8161,7
1080,2022-12-27 17:08:44,-0.0724,21.52,0,85.479,7
1081,2022-12-27 17:03:34,-0.0719,21.61,0,84.9162,7
1082,2022-12-27 16:58:33,-0.0722,21.74,0.0016,84.8034,7
1083,2022-12-27 16:53:33,-0.0708,21.79,0,84.7189,7
1084,2022-12-27 16:48:32,-0.0721,21.82,0,84.5496,7
1085,2022-12-27 16:43:32,-0.0719,21.98,0,83.9564,7
1086,2022-12-27 16:38:31,-0.0714,22.14,0,83.0781,7
1087,2022-12-27 16:33:31,-0.0712,22.23,0,82.9362,7
1088,2022-12-27 16:28:21,-0.0709,22.21,0,82.2822,7
1089,2022-12-27 16:23:12,-0.0702,22.28,0,81.7122,7
1090,2022-12-27 16:18:02,-0.0691,22.37,0,81.4267,7
1091,2022-12-27 16:12:52,-0.0699,22.53,0,81.2266,7
1092,2022-12-27 16:07:52,-0.0695,22.71,0,81.2266,7
1093,2022-12-27 16:02:51,-0.0704,22.9,0,80.5969,7
1094,2022-12-27 15:57:51,-0.0694,23.03,0,79.0448,7
1095,2022-12-27 15:52:29,-0.0702,23.18,0,78.4097,7
1096,2022-12-27 15:47:28,-0.0692,23.31,0,78.0338,7
1097,2022-12-27 15:42:28,-0.0688,23.42,0,77.4253,7
1098,2022-12-27 15:37:27,-0.0678,23.58,0,78.2652,7
1099,2022-12-27 15:32:27,-0.0698,23.65,0,76.7864,7
1100,2022-12-27 15:27:23,-0.0702,23.76,0,75.6207,7
1101,2022-12-27 15:22:13,-0.0723,23.85,0,75.036,7
1102,2022-12-27 15:17:12,-0.0727,24.01,0,73.6863,7
1103,2022-12-27 15:12:02,-0.071,24.24,0,73.1858,7
1104,2022-12-27 15:07:01,-0.0719,24.36,0,72.9499,7
1105,2022-12-27 15:01:58,-0.0722,24.43,0.0157,72.6548,7
1106,2022-12-27 14:56:48,-0.071,24.52,0,72.5072,7
1107,2022-12-27 14:51:48,-0.0716,24.6,0.0263,72.1229,7
1108,2022-12-27 14:46:47,-0.0712,24.64,0,72.0933,7
1109,2022-12-27 14:41:47,-0.0714,24.69,0,72.1229,7
1110,2022-12-27 14:36:46,-0.0709,24.78,0.2745,71.9749,7
1111,2022-12-27 14:31:42,-0.0717,24.84,0,71.3823,7
1112,2022-12-27 14:26:42,-0.0711,24.92,0,70.6992,7
1113,2022-12-27 14:21:32,-0.0711,25.07,0,70.4314,7
1114,2022-12-27 14:16:32,-0.0711,25.18,0,70.0741,7
1115,2022-12-27 14:11:31,-0.0702,25.22,0,69.8653,7
1116,2022-12-27 14:06:31,-0.0702,25.27,0,69.7759,7
1117,2022-12-27 14:01:30,-0.0709,25.35,0,69.5371,7
1118,2022-12-27 13:56:30,-0.071,25.49,0,68.9093,7
1119,2022-12-27 13:51:29,-0.0708,25.58,0,68.55,7
1120,2022-12-27 13:46:19,-0.07,25.72,0.0013,67.89,7
1121,2022-12-27 13:41:19,-0.0705,25.91,0,66.9574,7
1122,2022-12-27 13:36:18,-0.0706,25.93,0,66.2635,7
1123,2022-12-27 13:31:18,-0.0707,25.98,0,66.3541,7
1124,2022-12-27 13:26:17,-0.0709,26.04,0,65.7495,7
1125,2022-12-27 13:21:17,-0.0701,26.15,0,65.477,7
1126,2022-12-27 13:16:16,-0.0701,26.34,0,64.7492,7
1127,2022-12-27 13:11:16,-0.0691,26.57,0,64.0195,7
1128,2022-12-27 13:06:15,-0.0687,26.9,0,62.677,7
1129,2022-12-27 13:01:14,-0.069,27.17,0,61.4819,7
1130,2022-12-27 12:56:14,-0.0692,27.4,0,60.5285,7
1131,2022-12-27 12:51:10,-0.0691,27.64,0,59.4793,7
1132,2022-12-27 12:46:10,-0.07,27.84,0,58.6125,7
1133,2022-12-27 12:41:09,-0.0931,28.06,0,57.6188,7
1134,2022-12-27 12:36:00,-0.115,28.32,0,56.5907,7
1135,2022-12-27 12:30:59,-0.0755,28.6,0.1591,55.6217,7
1136,2022-12-27 12:25:59,-0.0172,28.82,3.8423,54.9949,7
1137,2022-12-27 12:20:49,0.1061,29.04,8.5871,54.6811,7
1138,2022-12-27 12:15:48,0.2676,29.32,19.6606,53.8635,7
1139,2022-12-27 12:10:48,0.5298,29.54,30.9131,53.0439,7
1140,2022-12-27 12:05:47,0.8234,29.74,62.7339,52.6648,7
1141,2022-12-27 12:00:46,1.1327,29.95,84.8074,51.9054,7
1142,2022-12-27 11:55:43,1.3496,30.2,112.8664,51.2711,7
1143,2022-12-27 11:50:42,1.6939,30.34,137.1009,51.017,7
1144,2022-12-27 11:45:32,1.8436,30.41,157.5724,49.7755,7
1145,2022-12-27 11:40:31,2.1129,30.49,176.381,49.0411,7
1146,2022-12-27 11:35:22,2.521,30.59,214.0044,48.9132,7
1147,2022-12-27 11:30:21,2.8459,30.69,223.8704,48.9772,7
1148,2022-12-27 11:25:21,3.7834,30.75,250.9992,48.7213,7
1149,2022-12-27 11:20:11,4.9616,30.76,292.2303,47.5351,7
1150,2022-12-27 11:15:10,3.7316,31.02,153.8607,46.7634,7
1151,2022-12-27 11:10:09,4.4888,31.26,271.6629,47.2459,7
1152,2022-12-27 11:05:09,8.1981,31.26,343.8885,47.5672,7
1153,2022-12-27 11:00:05,8.7833,31.13,336.3474,46.9886,7
1154,2022-12-27 10:55:04,7.0924,31.04,242.2013,47.6956,7
1155,2022-12-27 10:50:04,5.0143,30.9,391.6807,48.337,7
1156,2022-12-27 10:45:03,4.3935,31,324.1517,47.5672,7
1157,2022-12-27 10:39:53,4.6363,31.18,160.923,48.0486,7
1158,2022-12-27 10:34:43,6.1218,31.19,257.8285,47.5351,7
1159,2022-12-27 10:29:42,10.3449,30.83,528.8561,48.0486,7
1160,2022-12-27 10:24:33,10.5218,30.69,172.3714,48.2089,7
1161,2022-12-27 10:19:32,8.1085,30.93,180.0431,48.1448,7
1162,2022-12-27 10:14:31,5.3343,31.05,212.1317,48.0486,7
1163,2022-12-27 10:09:31,11.1328,31.13,293.0748,48.273,7
1164,2022-12-27 10:04:30,6.6031,31.28,230.3856,48.1448,7
1165,2022-12-27 09:59:29,8.2822,31.32,266.5279,48.305,7
1166,2022-12-27 09:54:26,7.6085,31.53,265.6979,47.5993,7
1167,2022-12-27 09:49:25,7.651,31.68,410.9095,47.1173,7
1168,2022-12-27 09:44:15,8.1137,31.93,252.9352,46.409,7
1169,2022-12-27 09:39:14,7.5642,32.17,301.4825,45.8607,7
1170,2022-12-27 09:34:14,9.4374,32.64,473.9854,43.7881,7
1171,2022-12-27 09:29:03,16.5531,32.71,680.4105,43.7881,7
1172,2022-12-27 09:24:03,21.1933,32.62,257.4874,43.7231,7
1173,2022-12-27 09:19:02,7.6868,33.1,566.1483,42.6491,7
1174,2022-12-27 09:14:02,21.3013,33.01,927.2736,43.0726,7
1175,2022-12-27 09:09:01,25.2181,32.49,893.4622,45.0526,7
1176,2022-12-27 09:04:00,16.1479,32.66,639.3784,43.398,7
